﻿<parameters>
  <parameter name="IIS Web Application Name" defaultValue="http://localhost/tiemposmuertos/" tags="IisApp">
    <parameterEntry kind="ProviderPath" scope="IisApp" match="^C:\\Users\\MR2GUER\\Documents\\Visual\ Studio\ 2015\\Projects\\appweb1\\appweb1\\appweb1\\obj\\Release\\Package\\PackageTmp$" />
    <parameterEntry kind="ProviderPath" scope="setAcl" match="^C:\\Users\\MR2GUER\\Documents\\Visual\ Studio\ 2015\\Projects\\appweb1\\appweb1\\appweb1\\obj\\Release\\Package\\PackageTmp$" />
  </parameter>
  <parameter name="ConnectionString-Web.config Connection String" defaultValue="Provider=Microsoft.ACE.OLEDB.12.0;Data Source=C:\Users\p.rguerrero\Documents\Codigos.accdb">
    <parameterEntry kind="XmlFile" scope="C:\\Users\\MR2GUER\\Documents\\Visual\ Studio\ 2015\\Projects\\appweb1\\appweb1\\appweb1\\obj\\Release\\Package\\PackageTmp\\Web\.config$" match="/configuration/connectionStrings/add[@name='ConnectionString']/@connectionString" />
  </parameter>
  <parameter name="DefaultConnection-Web.config Connection String" defaultValue="Data Source=(LocalDb)\MSSQLLocalDB;AttachDbFilename=|DataDirectory|\aspnet-appweb1-20171215070719.mdf;Initial Catalog=aspnet-appweb1-20171215070719;Integrated Security=True">
    <parameterEntry kind="XmlFile" scope="C:\\Users\\MR2GUER\\Documents\\Visual\ Studio\ 2015\\Projects\\appweb1\\appweb1\\appweb1\\obj\\Release\\Package\\PackageTmp\\Web\.config$" match="/configuration/connectionStrings/add[@name='DefaultConnection']/@connectionString" />
  </parameter>
  <parameter name="Tipos_falla_cnn-Web.config Connection String" defaultValue="Provider=Microsoft.ACE.OLEDB.12.0;Data Source=C:\Users\p.rguerrero\Documents\Codigos.accdb">
    <parameterEntry kind="XmlFile" scope="C:\\Users\\MR2GUER\\Documents\\Visual\ Studio\ 2015\\Projects\\appweb1\\appweb1\\appweb1\\obj\\Release\\Package\\PackageTmp\\Web\.config$" match="/configuration/connectionStrings/add[@name='Tipos_falla_cnn']/@connectionString" />
  </parameter>
</parameters>